{"cameraMode":{"drawMode":0,"name":"Shaded","section":"Shading Mode"},"sceneLighting":false,"audioPlay":false,"sceneViewState":{"showFog":true,"showMaterialUpdate":false,"showSkybox":false,"showFlares":true,"showImageEffects":true,"showParticleSystems":true},"in2DMode":false,"pivot":{"x":34.05125045776367,"y":-0.14500004053115846,"z":12.201600074768067},"rotation":{"x":-0.04743990674614906,"y":-0.9393735527992249,"z":0.14515435695648194,"w":-0.30702340602874758},"size":0.5528337955474854,"orthographic":false}