{"cameraMode":{"drawMode":0,"name":"Shaded","section":"Shading Mode"},"sceneLighting":false,"audioPlay":false,"sceneViewState":{"showFog":true,"showMaterialUpdate":false,"showSkybox":false,"showFlares":true,"showImageEffects":true,"showParticleSystems":true},"in2DMode":false,"pivot":{"x":-0.0349997878074646,"y":0.27642059326171877,"z":-0.20653706789016725},"rotation":{"x":0.2345903217792511,"y":0.4981267750263214,"z":-0.1420583426952362,"w":0.8225939869880676},"size":1.405515432357788,"orthographic":false}