{"cameraMode":{"drawMode":0,"name":"Shaded","section":"Shading Mode"},"sceneLighting":true,"audioPlay":false,"sceneViewState":{"showFog":true,"showMaterialUpdate":false,"showSkybox":true,"showFlares":true,"showImageEffects":true,"showParticleSystems":true},"in2DMode":false,"pivot":{"x":-1.8094544410705567,"y":-0.015625,"z":5.16162109375},"rotation":{"x":0.6633970141410828,"y":-0.007856389507651329,"z":0.006965969689190388,"w":0.7481944561004639},"size":286.14801025390627,"orthographic":true}