{"cameraMode":{"drawMode":0,"name":"Shaded","section":"Shading Mode"},"sceneLighting":false,"audioPlay":false,"sceneViewState":{"showFog":true,"showMaterialUpdate":false,"showSkybox":false,"showFlares":true,"showImageEffects":true,"showParticleSystems":true},"in2DMode":false,"pivot":{"x":0.01129150390625,"y":-0.034709930419921878,"z":-0.2667236328125},"rotation":{"x":0.0966133177280426,"y":-0.05222973972558975,"z":0.005076852161437273,"w":0.9939383864402771},"size":0.6928203701972961,"orthographic":true}