{"cameraMode":{"drawMode":0,"name":"Shaded","section":"Shading Mode"},"sceneLighting":false,"audioPlay":false,"sceneViewState":{"showFog":true,"showMaterialUpdate":false,"showSkybox":false,"showFlares":true,"showImageEffects":true,"showParticleSystems":true},"in2DMode":false,"pivot":{"x":0.25183629989624026,"y":0.043317317962646487,"z":1.0089197158813477},"rotation":{"x":0.059813402593135837,"y":-0.8963236212730408,"z":0.12750793993473054,"w":0.42044663429260256},"size":0.8629164099693298,"orthographic":false}