{"cameraMode":{"drawMode":0,"name":"Shaded","section":"Shading Mode"},"sceneLighting":false,"audioPlay":false,"sceneViewState":{"showFog":true,"showMaterialUpdate":false,"showSkybox":false,"showFlares":true,"showImageEffects":true,"showParticleSystems":true},"in2DMode":false,"pivot":{"x":432.1348571777344,"y":139.11801147460938,"z":-0.20653706789016725},"rotation":{"x":-0.20390522480010987,"y":0.7575943470001221,"z":-0.27895814180374148,"w":-0.553765594959259},"size":454.9061584472656,"orthographic":false}